web-scraper-order,web-scraper-start-url,WebScraper教程目录,WebScraper教程目录-href
"1708866898-1","https://mp.weixin.qq.com/s?__biz=MzI4OTU0NTU1NA==&mid=2247484478&idx=1&sn=453bb8f0ab1926d8b56e68d7ede9b57c&chksm=ec2cc803db5b411560107af684759f29bd0d9c9f99514ae8430698388e9614e4e4fe17dbe0ad&cur_album_id=1337192863616106496&scene=190#rd","1.web scraper 提问须知","http://mp.weixin.qq.com/s?__biz=MzI4OTU0NTU1NA==&mid=2247484469&idx=2&sn=d119f5950551b1aac5807b0f88f5513f&chksm=ec2cc808db5b411e10279d0d3789b782891cab7d97e6bcb2231b2d56bf87a7534b2e3520c1c7#rd"
"1708866898-2","https://mp.weixin.qq.com/s?__biz=MzI4OTU0NTU1NA==&mid=2247484478&idx=1&sn=453bb8f0ab1926d8b56e68d7ede9b57c&chksm=ec2cc803db5b411560107af684759f29bd0d9c9f99514ae8430698388e9614e4e4fe17dbe0ad&cur_album_id=1337192863616106496&scene=190#rd","2.🧭 Web Scraper 学习导航","http://mp.weixin.qq.com/s?__biz=MzI4OTU0NTU1NA==&mid=2247484536&idx=1&sn=dd3bb2aaeee0425c0d697f7edcba279f&chksm=ec2cc845db5b41530d9fe6b9186fc9439fafb23acc0bf8dc501000c6952b5f532cb3461ef5da#rd"
"1708866898-3","https://mp.weixin.qq.com/s?__biz=MzI4OTU0NTU1NA==&mid=2247484478&idx=1&sn=453bb8f0ab1926d8b56e68d7ede9b57c&chksm=ec2cc803db5b411560107af684759f29bd0d9c9f99514ae8430698388e9614e4e4fe17dbe0ad&cur_album_id=1337192863616106496&scene=190#rd","3.🦀️ 后羿采集器——最良心的爬虫软件","http://mp.weixin.qq.com/s?__biz=MzI4OTU0NTU1NA==&mid=2247484620&idx=1&sn=9a49bc100a4dc54da5628f21797a83b8&chksm=ec2cc8f1db5b41e76fed00332e35061f8e5cd0f9b508bf0f6cd520cebba1d3afa5556ec01863#rd"
"1708866898-4","https://mp.weixin.qq.com/s?__biz=MzI4OTU0NTU1NA==&mid=2247484478&idx=1&sn=453bb8f0ab1926d8b56e68d7ede9b57c&chksm=ec2cc803db5b411560107af684759f29bd0d9c9f99514ae8430698388e9614e4e4fe17dbe0ad&cur_album_id=1337192863616106496&scene=190#rd","4.简易数据分析 02 | Web Scraper 的下载与安装","http://mp.weixin.qq.com/s?__biz=MzI4OTU0NTU1NA==&mid=2247484370&idx=1&sn=c5950b04614a3a2bc1165f7b77423bb9&chksm=ec2ccfefdb5b46f9da7f1975655e73c7de7f7c555f4927aed85954ff09f485970c2e17e9dae0#rd"
"1708866898-5","https://mp.weixin.qq.com/s?__biz=MzI4OTU0NTU1NA==&mid=2247484478&idx=1&sn=453bb8f0ab1926d8b56e68d7ede9b57c&chksm=ec2cc803db5b411560107af684759f29bd0d9c9f99514ae8430698388e9614e4e4fe17dbe0ad&cur_album_id=1337192863616106496&scene=190#rd","5.简易数据分析 03 | 浏览器中那些不为人知的使用技巧","http://mp.weixin.qq.com/s?__biz=MzI4OTU0NTU1NA==&mid=2247484374&idx=1&sn=09ea2496ab604542058c2ad36541a41c&chksm=ec2ccfebdb5b46fde164cc0aa9916a3f0c60890ae5b7d5af98e642d87827a5468644bed7903b#rd"
"1708866898-6","https://mp.weixin.qq.com/s?__biz=MzI4OTU0NTU1NA==&mid=2247484478&idx=1&sn=453bb8f0ab1926d8b56e68d7ede9b57c&chksm=ec2cc803db5b411560107af684759f29bd0d9c9f99514ae8430698388e9614e4e4fe17dbe0ad&cur_album_id=1337192863616106496&scene=190#rd","6.简易数据分析 04 | Web Scraper 初尝：抓取豆瓣高分电影","http://mp.weixin.qq.com/s?__biz=MzI4OTU0NTU1NA==&mid=2247484380&idx=1&sn=a4c2b7c516a863c14bb7aba5c78180da&chksm=ec2ccfe1db5b46f7512e140dbab6121a44b656b7c166edff7219932135d599abdea6695e4604#rd"
"1708866898-7","https://mp.weixin.qq.com/s?__biz=MzI4OTU0NTU1NA==&mid=2247484478&idx=1&sn=453bb8f0ab1926d8b56e68d7ede9b57c&chksm=ec2cc803db5b411560107af684759f29bd0d9c9f99514ae8430698388e9614e4e4fe17dbe0ad&cur_album_id=1337192863616106496&scene=190#rd","7.简易数据分析 05 | Web Scraper 翻页——控制链接批量抓取数据","http://mp.weixin.qq.com/s?__biz=MzI4OTU0NTU1NA==&mid=2247484392&idx=1&sn=46e8e865eab87db1d5bf0dd0bcf0ffd3&chksm=ec2ccfd5db5b46c3c0e913a74aea5b3efef989121830ce0eb13391a4dbe4030074192661964d#rd"
"1708866898-8","https://mp.weixin.qq.com/s?__biz=MzI4OTU0NTU1NA==&mid=2247484478&idx=1&sn=453bb8f0ab1926d8b56e68d7ede9b57c&chksm=ec2cc803db5b411560107af684759f29bd0d9c9f99514ae8430698388e9614e4e4fe17dbe0ad&cur_album_id=1337192863616106496&scene=190#rd","8.简易数据分析 06 | 如何导入别人已经写好的 Web Scraper 爬虫","http://mp.weixin.qq.com/s?__biz=MzI4OTU0NTU1NA==&mid=2247484396&idx=1&sn=1acfd2770df617c277ae9c8691d81f87&chksm=ec2ccfd1db5b46c7c4e24c9640666a43937183d7e6f8ec90b9c4efb207bdb2486fd67bafca46#rd"
"1708866898-9","https://mp.weixin.qq.com/s?__biz=MzI4OTU0NTU1NA==&mid=2247484478&idx=1&sn=453bb8f0ab1926d8b56e68d7ede9b57c&chksm=ec2cc803db5b411560107af684759f29bd0d9c9f99514ae8430698388e9614e4e4fe17dbe0ad&cur_album_id=1337192863616106496&scene=190#rd","9.简易数据分析 07 | Web Scraper 抓取多条内容","http://mp.weixin.qq.com/s?__biz=MzI4OTU0NTU1NA==&mid=2247484405&idx=1&sn=45672911c7da912302c1b397fd80c611&chksm=ec2ccfc8db5b46de8bef10d2a685b25d88ad422cb11249aff1d98c452de3e53f27e71e679ba4#rd"
"1708866898-10","https://mp.weixin.qq.com/s?__biz=MzI4OTU0NTU1NA==&mid=2247484478&idx=1&sn=453bb8f0ab1926d8b56e68d7ede9b57c&chksm=ec2cc803db5b411560107af684759f29bd0d9c9f99514ae8430698388e9614e4e4fe17dbe0ad&cur_album_id=1337192863616106496&scene=190#rd","10.简易数据分析 08 | Web Scraper 翻页——点击「更多按钮」翻页","http://mp.weixin.qq.com/s?__biz=MzI4OTU0NTU1NA==&mid=2247484416&idx=1&sn=bd3e6cf6f341b99c7181cf255bdeaa26&chksm=ec2cc83ddb5b412b8d593be02248df04fc907e2dc41d902cfda7151b82bff01f27b7f3b588c2#rd"
"1708866898-11","https://mp.weixin.qq.com/s?__biz=MzI4OTU0NTU1NA==&mid=2247484478&idx=1&sn=453bb8f0ab1926d8b56e68d7ede9b57c&chksm=ec2cc803db5b411560107af684759f29bd0d9c9f99514ae8430698388e9614e4e4fe17dbe0ad&cur_album_id=1337192863616106496&scene=190#rd","11.简易数据分析 09 | Web Scraper 自动控制抓取数量 & Web Scraper 父子选择器","http://mp.weixin.qq.com/s?__biz=MzI4OTU0NTU1NA==&mid=2247484420&idx=1&sn=920a1a8d26523fde0fe07b30b8bf40cd&chksm=ec2cc839db5b412f4e85e8fe787d5ddbee0c256b0bc81df8d773b0ce74ccdd73e232d32efcc1#rd"
"1708866898-12","https://mp.weixin.qq.com/s?__biz=MzI4OTU0NTU1NA==&mid=2247484478&idx=1&sn=453bb8f0ab1926d8b56e68d7ede9b57c&chksm=ec2cc803db5b411560107af684759f29bd0d9c9f99514ae8430698388e9614e4e4fe17dbe0ad&cur_album_id=1337192863616106496&scene=190#rd","12.简易数据分析 10 | Web Scraper 翻页——抓取「滚动加载」类型网页","http://mp.weixin.qq.com/s?__biz=MzI4OTU0NTU1NA==&mid=2247484431&idx=1&sn=336da2e1d5dcbed4d986de440becf712&chksm=ec2cc832db5b4124368375dc271869d8b5c2ff52077bf1e56972efc996ed0135414f345c3ba6#rd"
"1708866898-13","https://mp.weixin.qq.com/s?__biz=MzI4OTU0NTU1NA==&mid=2247484478&idx=1&sn=453bb8f0ab1926d8b56e68d7ede9b57c&chksm=ec2cc803db5b411560107af684759f29bd0d9c9f99514ae8430698388e9614e4e4fe17dbe0ad&cur_album_id=1337192863616106496&scene=190#rd","13.简易数据分析 11 | Web Scraper 抓取表格数据","http://mp.weixin.qq.com/s?__biz=MzI4OTU0NTU1NA==&mid=2247484435&idx=1&sn=39638ba6a7f1fa128fca6a6d6193a260&chksm=ec2cc82edb5b4138ae6936e076f0a9ef0473c0fe0c02e1e8e25d2268d7a09fc3a381179c0bac#rd"
"1708866898-14","https://mp.weixin.qq.com/s?__biz=MzI4OTU0NTU1NA==&mid=2247484478&idx=1&sn=453bb8f0ab1926d8b56e68d7ede9b57c&chksm=ec2cc803db5b411560107af684759f29bd0d9c9f99514ae8430698388e9614e4e4fe17dbe0ad&cur_album_id=1337192863616106496&scene=190#rd","14.简易数据分析 12 | Web Scraper 翻页——抓取分页器翻页的网页","http://mp.weixin.qq.com/s?__biz=MzI4OTU0NTU1NA==&mid=2247484441&idx=1&sn=b537ff1d1982fe74381219c0d1037c95&chksm=ec2cc824db5b4132d9d994ac07044067af17d3c2f83e8203843efc6e719e05cef74ae2fc5669#rd"
"1708866898-15","https://mp.weixin.qq.com/s?__biz=MzI4OTU0NTU1NA==&mid=2247484478&idx=1&sn=453bb8f0ab1926d8b56e68d7ede9b57c&chksm=ec2cc803db5b411560107af684759f29bd0d9c9f99514ae8430698388e9614e4e4fe17dbe0ad&cur_album_id=1337192863616106496&scene=190#rd","15.简易数据分析 13 | Web Scraper 抓取二级页面（详情页）","http://mp.weixin.qq.com/s?__biz=MzI4OTU0NTU1NA==&mid=2247484446&idx=1&sn=94f5a195a610749699db0ad45d176c9f&chksm=ec2cc823db5b41358e39b883b8a6a61771645bfffae67af9f305d2d70514661bc93446046da4#rd"
"1708866898-16","https://mp.weixin.qq.com/s?__biz=MzI4OTU0NTU1NA==&mid=2247484478&idx=1&sn=453bb8f0ab1926d8b56e68d7ede9b57c&chksm=ec2cc803db5b411560107af684759f29bd0d9c9f99514ae8430698388e9614e4e4fe17dbe0ad&cur_album_id=1337192863616106496&scene=190#rd","16.Web Scraper 翻页——利用 Link 选择器翻页 | 简易数据分析 14","http://mp.weixin.qq.com/s?__biz=MzI4OTU0NTU1NA==&mid=2247484450&idx=1&sn=70302948e9efca0de928a3ca9fc51907&chksm=ec2cc81fdb5b41090c5a5c8032405bb6bf67623f4bd1adde9eef078d096290af2635af85ac60#rd"
"1708866898-17","https://mp.weixin.qq.com/s?__biz=MzI4OTU0NTU1NA==&mid=2247484478&idx=1&sn=453bb8f0ab1926d8b56e68d7ede9b57c&chksm=ec2cc803db5b411560107af684759f29bd0d9c9f99514ae8430698388e9614e4e4fe17dbe0ad&cur_album_id=1337192863616106496&scene=190#rd","17.简易数据分析 15 | Web Scraper 高级用法——CSS 选择器的使用.","http://mp.weixin.qq.com/s?__biz=MzI4OTU0NTU1NA==&mid=2247484454&idx=1&sn=6ee183effa5f50d385a2484796de0ab0&chksm=ec2cc81bdb5b410d128d26c2a8819125334da4e6bb170ea7652ecb90e8d7277c78b00e56384d#rd"
"1708866898-18","https://mp.weixin.qq.com/s?__biz=MzI4OTU0NTU1NA==&mid=2247484478&idx=1&sn=453bb8f0ab1926d8b56e68d7ede9b57c&chksm=ec2cc803db5b411560107af684759f29bd0d9c9f99514ae8430698388e9614e4e4fe17dbe0ad&cur_album_id=1337192863616106496&scene=190#rd","18.简易数据分析 16 | Web Scraper 高级用法——抓取属性信息","http://mp.weixin.qq.com/s?__biz=MzI4OTU0NTU1NA==&mid=2247484469&idx=1&sn=66011c755c498d4441c0360b7ce7299d&chksm=ec2cc808db5b411e934eaa73272b7ebf735aaf1cef5bc4e0b53900ebb2cb4d35c634ea6c7364#rd"
"1708866898-19","https://mp.weixin.qq.com/s?__biz=MzI4OTU0NTU1NA==&mid=2247484478&idx=1&sn=453bb8f0ab1926d8b56e68d7ede9b57c&chksm=ec2cc803db5b411560107af684759f29bd0d9c9f99514ae8430698388e9614e4e4fe17dbe0ad&cur_album_id=1337192863616106496&scene=190#rd","19.简易数据分析 17 | Web Scraper 高级用法——利用正则表达式筛选文本信息","http://mp.weixin.qq.com/s?__biz=MzI4OTU0NTU1NA==&mid=2247484474&idx=1&sn=7d81f7c48c7d8751a945783cd1535d2e&chksm=ec2cc807db5b4111cf7f5000bdac3f34136b52d1659164a26f28be132597f5c7c4eed138eb39#rd"
"1708866898-20","https://mp.weixin.qq.com/s?__biz=MzI4OTU0NTU1NA==&mid=2247484478&idx=1&sn=453bb8f0ab1926d8b56e68d7ede9b57c&chksm=ec2cc803db5b411560107af684759f29bd0d9c9f99514ae8430698388e9614e4e4fe17dbe0ad&cur_album_id=1337192863616106496&scene=190#rd","20.简易数据分析 18 | Web Scraper 高级用法——使用 CouchDB 存储数据","http://mp.weixin.qq.com/s?__biz=MzI4OTU0NTU1NA==&mid=2247484478&idx=1&sn=453bb8f0ab1926d8b56e68d7ede9b57c&chksm=ec2cc803db5b411560107af684759f29bd0d9c9f99514ae8430698388e9614e4e4fe17dbe0ad#rd"
